,pvalue,rsquared,stderror,pos,gene,coeffs,is_sig,minuslog10pvalue
rs149201999,0.0,0.0,0.0,16050408,ENSG00000231565.1,0.0,False,inf
rs151049930,0.0,0.0,0.0,16055796,ENSG00000241838.2,0.0,False,inf
rs2105538,0.0,0.0,0.0,16052838,ENSG00000241838.2,0.0,False,inf
rs147891127,0.0,0.0,0.0,16053197,ENSG00000241838.2,0.0,False,inf
rs141087528,0.0,0.0,0.0,16053435,ENSG00000241838.2,0.0,False,inf
rs80167676,0.0,0.0,0.0,16053444,ENSG00000241838.2,0.0,False,inf
rs141794080,0.0,0.0,0.0,16053727,ENSG00000241838.2,0.0,False,inf
rs915677,0.0,0.0,0.0,16053758,ENSG00000241838.2,0.0,False,inf
rs62224614,0.0,0.0,0.0,16053862,ENSG00000241838.2,0.0,False,inf
rs139976143,0.0,0.0,0.0,16054283,ENSG00000241838.2,0.0,False,inf
rs10154476,0.0,0.0,0.0,16054800,ENSG00000241838.2,0.0,False,inf
rs150314208,0.0,0.0,0.0,16055003,ENSG00000241838.2,0.0,False,inf
rs149201999,0.0,2.220446049250313e-16,0.0,16050408,ENSG00000215268.3,0.0,False,inf
rs4965019,0.0,0.0,0.0,16052250,ENSG00000241838.2,0.0,False,inf
rs146752890,0.0,2.220446049250313e-16,0.0,16050612,ENSG00000215268.3,0.0,False,inf
rs139377059,0.0,2.220446049250313e-16,0.0,16050678,ENSG00000215268.3,0.0,False,inf
rs6518357,0.0,2.220446049250313e-16,0.0,16051107,ENSG00000215268.3,0.0,False,inf
rs62224609,0.0,2.220446049250313e-16,0.0,16051249,ENSG00000215268.3,0.0,False,inf
rs143503259,0.0,2.220446049250313e-16,0.0,16051453,ENSG00000215268.3,0.0,False,inf
rs79725552,0.0,2.220446049250313e-16,0.0,16051480,ENSG00000215268.3,0.0,False,inf
rs2843213,0.0,2.220446049250313e-16,0.0,16051882,ENSG00000215268.3,0.0,False,inf
rs4965019,0.0,2.220446049250313e-16,0.0,16052250,ENSG00000215268.3,0.0,False,inf
rs2843217,0.0,2.220446049250313e-16,0.0,16052656,ENSG00000215268.3,0.0,False,inf
rs2105538,0.0,2.220446049250313e-16,0.0,16052838,ENSG00000215268.3,0.0,False,inf
rs2843217,0.0,0.0,0.0,16052656,ENSG00000241838.2,0.0,False,inf
rs2843213,0.0,0.0,0.0,16051882,ENSG00000241838.2,0.0,False,inf
rs6518357,0.0,0.0,0.0,16051107,ENSG00000215270.3,0.0,False,inf
rs915677,0.0,0.0,0.0,16053758,ENSG00000215270.3,0.0,False,inf
rs143503259,0.0,0.0,0.0,16051453,ENSG00000215270.3,0.0,False,inf
rs79725552,0.0,0.0,0.0,16051480,ENSG00000215270.3,0.0,False,inf
rs2843213,0.0,0.0,0.0,16051882,ENSG00000215270.3,0.0,False,inf
rs4965019,0.0,0.0,0.0,16052250,ENSG00000215270.3,0.0,False,inf
rs2843217,0.0,0.0,0.0,16052656,ENSG00000215270.3,0.0,False,inf
rs2105538,0.0,0.0,0.0,16052838,ENSG00000215270.3,0.0,False,inf
rs147891127,0.0,0.0,0.0,16053197,ENSG00000215270.3,0.0,False,inf
rs141087528,0.0,0.0,0.0,16053435,ENSG00000215270.3,0.0,False,inf
rs80167676,0.0,0.0,0.0,16053444,ENSG00000215270.3,0.0,False,inf
rs141794080,0.0,0.0,0.0,16053727,ENSG00000215270.3,0.0,False,inf
rs62224614,0.0,0.0,0.0,16053862,ENSG00000215270.3,0.0,False,inf
rs79725552,0.0,0.0,0.0,16051480,ENSG00000241838.2,0.0,False,inf
rs139976143,0.0,0.0,0.0,16054283,ENSG00000215270.3,0.0,False,inf
rs10154476,0.0,0.0,0.0,16054800,ENSG00000215270.3,0.0,False,inf
rs150314208,0.0,0.0,0.0,16055003,ENSG00000215270.3,0.0,False,inf
rs151049930,0.0,0.0,0.0,16055796,ENSG00000215270.3,0.0,False,inf
rs146752890,0.0,0.0,0.0,16050612,ENSG00000231565.1,0.0,False,inf
rs146752890,0.0,0.0,0.0,16050612,ENSG00000241838.2,0.0,False,inf
rs139377059,0.0,0.0,0.0,16050678,ENSG00000241838.2,0.0,False,inf
rs6518357,0.0,0.0,0.0,16051107,ENSG00000241838.2,0.0,False,inf
rs62224609,0.0,0.0,0.0,16051249,ENSG00000241838.2,0.0,False,inf
rs143503259,0.0,0.0,0.0,16051453,ENSG00000241838.2,0.0,False,inf
rs147891127,0.0,2.220446049250313e-16,0.0,16053197,ENSG00000215268.3,0.0,False,inf
rs141087528,0.0,2.220446049250313e-16,0.0,16053435,ENSG00000215268.3,0.0,False,inf
rs80167676,0.0,2.220446049250313e-16,0.0,16053444,ENSG00000215268.3,0.0,False,inf
rs4965019,0.0,0.0,0.0,16052250,ENSG00000224435.2,0.0,False,inf
rs150314208,0.0,0.0,0.0,16055003,ENSG00000206195.4,0.0,False,inf
rs151049930,0.0,0.0,0.0,16055796,ENSG00000206195.4,0.0,False,inf
rs149201999,0.0,0.0,0.0,16050408,ENSG00000224435.2,0.0,False,inf
rs146752890,0.0,0.0,0.0,16050612,ENSG00000224435.2,0.0,False,inf
rs139377059,0.0,0.0,0.0,16050678,ENSG00000224435.2,0.0,False,inf
rs6518357,0.0,0.0,0.0,16051107,ENSG00000224435.2,0.0,False,inf
rs62224609,0.0,0.0,0.0,16051249,ENSG00000224435.2,0.0,False,inf
rs143503259,0.0,0.0,0.0,16051453,ENSG00000224435.2,0.0,False,inf
rs79725552,0.0,0.0,0.0,16051480,ENSG00000224435.2,0.0,False,inf
rs2843213,0.0,0.0,0.0,16051882,ENSG00000224435.2,0.0,False,inf
rs2843217,0.0,0.0,0.0,16052656,ENSG00000224435.2,0.0,False,inf
rs141794080,0.0,2.220446049250313e-16,0.0,16053727,ENSG00000215268.3,0.0,False,inf
rs2105538,0.0,0.0,0.0,16052838,ENSG00000224435.2,0.0,False,inf
rs147891127,0.0,0.0,0.0,16053197,ENSG00000224435.2,0.0,False,inf
rs141087528,0.0,0.0,0.0,16053435,ENSG00000224435.2,0.0,False,inf
rs80167676,0.0,0.0,0.0,16053444,ENSG00000224435.2,0.0,False,inf
rs141794080,0.0,0.0,0.0,16053727,ENSG00000224435.2,0.0,False,inf
rs915677,0.0,0.0,0.0,16053758,ENSG00000224435.2,0.0,False,inf
rs62224614,0.0,0.0,0.0,16053862,ENSG00000224435.2,0.0,False,inf
rs139976143,0.0,0.0,0.0,16054283,ENSG00000224435.2,0.0,False,inf
rs10154476,0.0,0.0,0.0,16054800,ENSG00000224435.2,0.0,False,inf
rs150314208,0.0,0.0,0.0,16055003,ENSG00000224435.2,0.0,False,inf
rs10154476,0.0,0.0,0.0,16054800,ENSG00000206195.4,0.0,False,inf
rs139976143,0.0,0.0,0.0,16054283,ENSG00000206195.4,0.0,False,inf
rs62224614,0.0,0.0,0.0,16053862,ENSG00000206195.4,0.0,False,inf
rs915677,0.0,0.0,0.0,16053758,ENSG00000206195.4,0.0,False,inf
rs915677,0.0,2.220446049250313e-16,0.0,16053758,ENSG00000215268.3,0.0,False,inf
rs62224614,0.0,2.220446049250313e-16,0.0,16053862,ENSG00000215268.3,0.0,False,inf
rs139976143,0.0,2.220446049250313e-16,0.0,16054283,ENSG00000215268.3,0.0,False,inf
rs10154476,0.0,2.220446049250313e-16,0.0,16054800,ENSG00000215268.3,0.0,False,inf
rs150314208,0.0,2.220446049250313e-16,0.0,16055003,ENSG00000215268.3,0.0,False,inf
rs151049930,0.0,2.220446049250313e-16,0.0,16055796,ENSG00000215268.3,0.0,False,inf
rs149201999,0.0,0.0,0.0,16050408,ENSG00000206195.4,0.0,False,inf
rs146752890,0.0,0.0,0.0,16050612,ENSG00000206195.4,0.0,False,inf
rs139377059,0.0,0.0,0.0,16050678,ENSG00000206195.4,0.0,False,inf
rs6518357,0.0,0.0,0.0,16051107,ENSG00000206195.4,0.0,False,inf
rs62224609,0.0,0.0,0.0,16051249,ENSG00000206195.4,0.0,False,inf
rs143503259,0.0,0.0,0.0,16051453,ENSG00000206195.4,0.0,False,inf
rs79725552,0.0,0.0,0.0,16051480,ENSG00000206195.4,0.0,False,inf
rs2843213,0.0,0.0,0.0,16051882,ENSG00000206195.4,0.0,False,inf
rs4965019,0.0,0.0,0.0,16052250,ENSG00000206195.4,0.0,False,inf
rs2843217,0.0,0.0,0.0,16052656,ENSG00000206195.4,0.0,False,inf
rs2105538,0.0,0.0,0.0,16052838,ENSG00000206195.4,0.0,False,inf
rs147891127,0.0,0.0,0.0,16053197,ENSG00000206195.4,0.0,False,inf
rs141087528,0.0,0.0,0.0,16053435,ENSG00000206195.4,0.0,False,inf
rs80167676,0.0,0.0,0.0,16053444,ENSG00000206195.4,0.0,False,inf
rs141794080,0.0,0.0,0.0,16053727,ENSG00000206195.4,0.0,False,inf
rs62224609,0.0,0.0,0.0,16051249,ENSG00000215270.3,0.0,False,inf
rs149201999,0.0,0.0,0.0,16050408,ENSG00000241838.2,0.0,False,inf
rs139377059,0.0,0.0,0.0,16050678,ENSG00000215270.3,0.0,False,inf
rs915677,0.0,-2.220446049250313e-16,0.0,16053758,ENSG00000213727.3,0.0,False,inf
rs143503259,0.0,-2.220446049250313e-16,0.0,16051453,ENSG00000213727.3,0.0,False,inf
rs79725552,0.0,-2.220446049250313e-16,0.0,16051480,ENSG00000213727.3,0.0,False,inf
rs2843213,0.0,-2.220446049250313e-16,0.0,16051882,ENSG00000213727.3,0.0,False,inf
rs4965019,0.0,-2.220446049250313e-16,0.0,16052250,ENSG00000213727.3,0.0,False,inf
rs2843217,0.0,-2.220446049250313e-16,0.0,16052656,ENSG00000213727.3,0.0,False,inf
rs2105538,0.0,-2.220446049250313e-16,0.0,16052838,ENSG00000213727.3,0.0,False,inf
rs147891127,0.0,-2.220446049250313e-16,0.0,16053197,ENSG00000213727.3,0.0,False,inf
rs80167676,0.0,-2.220446049250313e-16,0.0,16053444,ENSG00000213727.3,0.0,False,inf
rs141794080,0.0,-2.220446049250313e-16,0.0,16053727,ENSG00000213727.3,0.0,False,inf
rs62224614,0.0,-2.220446049250313e-16,0.0,16053862,ENSG00000213727.3,0.0,False,inf
rs6518357,0.0,-2.220446049250313e-16,0.0,16051107,ENSG00000213727.3,0.0,False,inf
rs139976143,0.0,-2.220446049250313e-16,0.0,16054283,ENSG00000213727.3,0.0,False,inf
rs10154476,0.0,-2.220446049250313e-16,0.0,16054800,ENSG00000213727.3,0.0,False,inf
rs150314208,0.0,-2.220446049250313e-16,0.0,16055003,ENSG00000213727.3,0.0,False,inf
rs151049930,0.0,-2.220446049250313e-16,0.0,16055796,ENSG00000213727.3,0.0,False,inf
rs149201999,0.0,0.0,0.0,16050408,ENSG00000223875.1,0.0,False,inf
rs146752890,0.0,0.0,0.0,16050612,ENSG00000223875.1,0.0,False,inf
rs139377059,0.0,0.0,0.0,16050678,ENSG00000223875.1,0.0,False,inf
rs6518357,0.0,0.0,0.0,16051107,ENSG00000223875.1,0.0,False,inf
rs62224609,0.0,0.0,0.0,16051249,ENSG00000223875.1,0.0,False,inf
rs62224609,0.0,-2.220446049250313e-16,0.0,16051249,ENSG00000213727.3,0.0,False,inf
rs139377059,0.0,-2.220446049250313e-16,0.0,16050678,ENSG00000213727.3,0.0,False,inf
rs79725552,0.0,0.0,0.0,16051480,ENSG00000223875.1,0.0,False,inf
rs147891127,0.0,0.0,0.0,16053197,ENSG00000231565.1,0.0,False,inf
rs139377059,0.0,0.0,0.0,16050678,ENSG00000231565.1,0.0,False,inf
rs6518357,0.0,0.0,0.0,16051107,ENSG00000231565.1,0.0,False,inf
rs62224609,0.0,0.0,0.0,16051249,ENSG00000231565.1,0.0,False,inf
rs143503259,0.0,0.0,0.0,16051453,ENSG00000231565.1,0.0,False,inf
rs79725552,0.0,0.0,0.0,16051480,ENSG00000231565.1,0.0,False,inf
rs2843213,0.0,0.0,0.0,16051882,ENSG00000231565.1,0.0,False,inf
rs4965019,0.0,0.0,0.0,16052250,ENSG00000231565.1,0.0,False,inf
rs2843217,0.0,0.0,0.0,16052656,ENSG00000231565.1,0.0,False,inf
rs2105538,0.0,0.0,0.0,16052838,ENSG00000231565.1,0.0,False,inf
rs141087528,0.0,0.0,0.0,16053435,ENSG00000231565.1,0.0,False,inf
rs146752890,0.0,-2.220446049250313e-16,0.0,16050612,ENSG00000213727.3,0.0,False,inf
rs80167676,0.0,0.0,0.0,16053444,ENSG00000231565.1,0.0,False,inf
rs141794080,0.0,0.0,0.0,16053727,ENSG00000231565.1,0.0,False,inf
rs915677,0.0,0.0,0.0,16053758,ENSG00000231565.1,0.0,False,inf
rs62224614,0.0,0.0,0.0,16053862,ENSG00000231565.1,0.0,False,inf
rs139976143,0.0,0.0,0.0,16054283,ENSG00000231565.1,0.0,False,inf
rs10154476,0.0,0.0,0.0,16054800,ENSG00000231565.1,0.0,False,inf
rs150314208,0.0,0.0,0.0,16055003,ENSG00000231565.1,0.0,False,inf
rs151049930,0.0,0.0,0.0,16055796,ENSG00000231565.1,0.0,False,inf
rs149201999,0.0,-2.220446049250313e-16,0.0,16050408,ENSG00000213727.3,0.0,False,inf
rs143503259,0.0,0.0,0.0,16051453,ENSG00000223875.1,0.0,False,inf
rs141087528,0.0,-2.220446049250313e-16,0.0,16053435,ENSG00000213727.3,0.0,False,inf
rs151049930,0.0,0.0,0.0,16055796,ENSG00000224435.2,0.0,False,inf
rs62224614,0.0,0.0,0.0,16053862,ENSG00000223875.1,0.0,False,inf
rs80167676,0.0,0.0,0.0,16053444,ENSG00000223875.1,0.0,False,inf
rs141087528,0.0,0.0,0.0,16053435,ENSG00000223875.1,0.0,False,inf
rs147891127,0.0,0.0,0.0,16053197,ENSG00000223875.1,0.0,False,inf
rs141794080,0.0,0.0,0.0,16053727,ENSG00000223875.1,0.0,False,inf
rs2105538,0.0,0.0,0.0,16052838,ENSG00000223875.1,0.0,False,inf
rs2843217,0.0,0.0,0.0,16052656,ENSG00000223875.1,0.0,False,inf
rs10154476,0.0,0.0,0.0,16054800,ENSG00000223875.1,0.0,False,inf
rs139976143,0.0,0.0,0.0,16054283,ENSG00000223875.1,0.0,False,inf
rs4965019,0.0,0.0,0.0,16052250,ENSG00000223875.1,0.0,False,inf
rs915677,0.0,0.0,0.0,16053758,ENSG00000223875.1,0.0,False,inf
rs146752890,0.0,0.0,0.0,16050612,ENSG00000215270.3,0.0,False,inf
rs149201999,0.0,0.0,0.0,16050408,ENSG00000215270.3,0.0,False,inf
rs2843213,0.0,0.0,0.0,16051882,ENSG00000223875.1,0.0,False,inf
rs151049930,0.0,0.0,0.0,16055796,ENSG00000223875.1,0.0,False,inf
rs150314208,0.0,0.0,0.0,16055003,ENSG00000223875.1,0.0,False,inf
rs6518413,0.05036061917615095,0.9018149536115034,0.01344521182480892,16052239,ENSG00000223875.1,0.057626028272370525,False,1.2979089389467682
rs149255970,0.05036061917615095,0.9018149536115034,0.01344521182480892,16052513,ENSG00000223875.1,0.057626028272370525,False,1.2979089389467682
rs148015672,0.05036061917615095,0.9018149536115034,0.01344521182480892,16052618,ENSG00000223875.1,0.057626028272370525,False,1.2979089389467682
rs3013006,0.05036061917615095,0.9018149536115034,0.01344521182480892,16054667,ENSG00000223875.1,0.057626028272370525,False,1.2979089389467682
rs55926024,0.05036061917615099,0.9018149536115034,0.013445211824808925,16054740,ENSG00000223875.1,-0.05762602827237052,False,1.297908938946768
rs141264943,0.06037038842185879,0.8829038069544886,0.053446977361079596,16053659,ENSG00000213727.3,-0.20755034222325608,False,1.2191760298956202
rs141264943,0.06416823166815455,0.8757810986191089,0.4669370823870147,16053659,ENSG00000215270.3,-1.7533850736558905,False,1.1926799287210335
rs141264943,0.07969543628432764,0.846960489995894,0.06470267269963477,16053659,ENSG00000206195.4,-0.21526182149640258,False,1.0985665475283717
rs141264943,0.14070683510877055,0.7383847432287854,0.1014685676492519,16053659,ENSG00000231565.1,0.24107731798515208,False,0.8516848053518785
rs141578542,0.14725232801040547,0.7271785920836731,20.58732151014624,16051497,ENSG00000241838.2,-47.53310277770565,False,0.8319378304350492
rs11703994,0.14725232801040547,0.7271785920836731,20.58732151014624,16053791,ENSG00000241838.2,-47.53310277770565,False,0.8319378304350492
rs62224610,0.14725232801040547,0.7271785920836731,20.58732151014624,16051347,ENSG00000241838.2,-47.53310277770565,False,0.8319378304350492
rs142324053,0.17747359790520692,0.6765496821430055,0.007822062802761317,16053001,ENSG00000224435.2,0.01599861371089402,False,0.7508662461972562
rs4965031,0.17747359790520692,0.6765496821430055,0.007822062802761317,16052080,ENSG00000224435.2,0.01599861371089402,False,0.7508662461972562
rs4389403,0.17747359790520692,0.6765496821430055,0.007822062802761317,16055070,ENSG00000224435.2,0.01599861371089402,False,0.7508662461972562
rs11703994,0.19789546114407303,0.6433716912532792,0.029588452326941867,16053791,ENSG00000223875.1,-0.056203105606012486,False,0.7035641664944042
rs62224610,0.19789546114407303,0.6433716912532792,0.029588452326941867,16051347,ENSG00000223875.1,-0.056203105606012486,False,0.7035641664944042
rs141578542,0.19789546114407303,0.6433716912532792,0.029588452326941867,16051497,ENSG00000223875.1,-0.056203105606012486,False,0.7035641664944042
rs141578542,0.31688922135733966,0.46664033589778164,0.13947613042707077,16051497,ENSG00000206195.4,0.18449981775794894,False,0.49909253261355
rs62224610,0.31688922135733966,0.46664033589778164,0.13947613042707077,16051347,ENSG00000206195.4,0.18449981775794894,False,0.49909253261355
rs11703994,0.31688922135733966,0.46664033589778164,0.13947613042707077,16053791,ENSG00000206195.4,0.18449981775794894,False,0.49909253261355
rs11703994,0.4257862201485756,0.3297214649712603,0.14765521334747678,16053791,ENSG00000213727.3,0.14645686642389,False,0.37080839787720155
rs141578542,0.4257862201485756,0.3297214649712603,0.14765521334747678,16051497,ENSG00000213727.3,0.14645686642389,False,0.37080839787720155
rs62224610,0.4257862201485756,0.3297214649712603,0.14765521334747678,16051347,ENSG00000213727.3,0.14645686642389,False,0.37080839787720155
rs142324053,0.46829786146676855,0.2827071641208124,0.48966523895941166,16053001,ENSG00000215268.3,0.4347448370367495,False,0.3294778254664838
rs4965031,0.46829786146676855,0.2827071641208124,0.48966523895941166,16052080,ENSG00000215268.3,0.4347448370367495,False,0.3294778254664838
rs4389403,0.46829786146676855,0.2827071641208124,0.48966523895941166,16055070,ENSG00000215268.3,0.4347448370367495,False,0.3294778254664838
rs142324053,0.48377284153439226,0.2664904791374758,0.0424343173432372,16053001,ENSG00000223875.1,0.036171805666774415,False,0.31535851609571175
rs4389403,0.48377284153439226,0.2664904791374758,0.0424343173432372,16055070,ENSG00000223875.1,0.036171805666774415,False,0.31535851609571175
rs4965031,0.48377284153439226,0.2664904791374758,0.0424343173432372,16052080,ENSG00000223875.1,0.036171805666774415,False,0.31535851609571175
rs11703994,0.4951169427042117,0.2549069015443416,0.49906406364560035,16053791,ENSG00000215268.3,0.4128162867130447,False,0.3052922120303616
rs141578542,0.4951169427042117,0.2549069015443416,0.49906406364560035,16051497,ENSG00000215268.3,0.4128162867130447,False,0.3052922120303616
rs62224610,0.4951169427042117,0.2549069015443416,0.49906406364560035,16051347,ENSG00000215268.3,0.4128162867130447,False,0.3052922120303616
rs142324053,0.505437422593076,0.2445921429713791,1.3296111257479315,16053001,ENSG00000215270.3,-1.0699664018192028,False,0.2963326060568012
rs4389403,0.505437422593076,0.2445921429713791,1.3296111257479315,16055070,ENSG00000215270.3,-1.0699664018192028,False,0.2963326060568012
rs4965031,0.505437422593076,0.2445921429713791,1.3296111257479315,16052080,ENSG00000215270.3,-1.0699664018192028,False,0.2963326060568012
rs55926024,0.5200267208645271,0.23037434868405804,0.17403626856218105,16054740,ENSG00000231565.1,0.13465796722957224,False,0.2839743401616158
rs3013006,0.5200267208645276,0.23037434868405804,0.17403626856218096,16054667,ENSG00000231565.1,-0.13465796722957196,False,0.2839743401616154
rs148015672,0.5200267208645276,0.23037434868405804,0.17403626856218096,16052618,ENSG00000231565.1,-0.13465796722957196,False,0.2839743401616154
rs149255970,0.5200267208645276,0.23037434868405804,0.17403626856218096,16052513,ENSG00000231565.1,-0.13465796722957196,False,0.2839743401616154
rs6518413,0.5200267208645276,0.23037434868405804,0.17403626856218096,16052239,ENSG00000231565.1,-0.13465796722957196,False,0.2839743401616154
rs141264943,0.5478918569251053,0.20440177303462947,30.4465549495197,16053659,ENSG00000241838.2,21.824715086614496,False,0.261305154244562
rs141264943,0.6770602996557182,0.10429005005845471,0.47387670407130106,16053659,ENSG00000215268.3,0.2286746882415951,False,0.169372650898979
rs11703994,0.6789523373455323,0.10307160169589691,0.2169443039247884,16053791,ENSG00000231565.1,-0.10400491770667525,False,0.16816071225023643
rs141578542,0.6789523373455323,0.10307160169589691,0.2169443039247884,16051497,ENSG00000231565.1,-0.10400491770667525,False,0.16816071225023643
rs62224610,0.6789523373455323,0.10307160169589691,0.2169443039247884,16051347,ENSG00000231565.1,-0.10400491770667525,False,0.16816071225023643
rs55926024,0.7002863053135004,0.08982829878263032,0.47768689193034614,16054740,ENSG00000215268.3,0.21222827549881806,False,0.15472436656209307
rs3013006,0.7002863053135038,0.08982829878263043,0.4776868919303459,16054667,ENSG00000215268.3,-0.2122282754988154,False,0.154724366562091
rs148015672,0.7002863053135038,0.08982829878263043,0.4776868919303459,16052618,ENSG00000215268.3,-0.2122282754988154,False,0.154724366562091
rs149255970,0.7002863053135038,0.08982829878263043,0.4776868919303459,16052513,ENSG00000215268.3,-0.2122282754988154,False,0.154724366562091
rs6518413,0.7002863053135038,0.08982829878263043,0.4776868919303459,16052239,ENSG00000215268.3,-0.2122282754988154,False,0.154724366562091
rs148015672,0.7143384254273772,0.08160253518730998,1.2696378514573023,16052618,ENSG00000215270.3,0.5352187838905098,False,0.14609598783957553
rs149255970,0.7143384254273772,0.08160253518730998,1.2696378514573023,16052513,ENSG00000215270.3,0.5352187838905098,False,0.14609598783957553
rs6518413,0.7143384254273772,0.08160253518730998,1.2696378514573023,16052239,ENSG00000215270.3,0.5352187838905098,False,0.14609598783957553
rs3013006,0.7143384254273772,0.08160253518730998,1.2696378514573023,16054667,ENSG00000215270.3,0.5352187838905098,False,0.14609598783957553
rs55926024,0.7143384254273787,0.0816025351873102,1.2696378514573028,16054740,ENSG00000215270.3,-0.5352187838905071,False,0.14609598783957467
rs142324053,0.7350979510745138,0.07017309552492057,0.1739090504036349,16053001,ENSG00000213727.3,-0.06756494768365401,False,0.13365478775002088
rs4965031,0.7350979510745138,0.07017309552492057,0.1739090504036349,16052080,ENSG00000213727.3,-0.06756494768365401,False,0.13365478775002088
rs4389403,0.7350979510745138,0.07017309552492057,0.1739090504036349,16055070,ENSG00000213727.3,-0.06756494768365401,False,0.13365478775002088
rs62224610,0.7379822796256983,0.06865328579014585,0.013273125500677545,16051347,ENSG00000224435.2,0.005096396034220428,False,0.13195406629778766
rs11703994,0.7379822796256983,0.06865328579014585,0.013273125500677545,16053791,ENSG00000224435.2,0.005096396034220428,False,0.13195406629778766
rs141578542,0.7379822796256983,0.06865328579014585,0.013273125500677545,16051497,ENSG00000224435.2,0.005096396034220428,False,0.13195406629778766
rs141578542,0.743810704635007,0.06563295505961197,1.4787428165611425,16051497,ENSG00000215270.3,0.5542553178679723,False,0.12853757573442573
rs62224610,0.743810704635007,0.06563295505961197,1.4787428165611425,16051347,ENSG00000215270.3,0.5542553178679723,False,0.12853757573442573
rs11703994,0.743810704635007,0.06563295505961197,1.4787428165611425,16053791,ENSG00000215270.3,0.5542553178679723,False,0.12853757573442573
rs142324053,0.74971598238833,0.0626420894718388,0.1849023922588732,16053001,ENSG00000206195.4,-0.06759863419054038,False,0.12510323079844626
rs4965031,0.74971598238833,0.0626420894718388,0.1849023922588732,16052080,ENSG00000206195.4,-0.06759863419054038,False,0.12510323079844626
rs4389403,0.74971598238833,0.0626420894718388,0.1849023922588732,16055070,ENSG00000206195.4,-0.06759863419054038,False,0.12510323079844626
rs3013006,0.7551372261112517,0.05995777803649238,0.011548400032936218,16054667,ENSG00000224435.2,0.004124638601971743,False,0.1219741197250924
rs148015672,0.7551372261112517,0.05995777803649238,0.011548400032936218,16052618,ENSG00000224435.2,0.004124638601971743,False,0.1219741197250924
rs149255970,0.7551372261112517,0.05995777803649238,0.011548400032936218,16052513,ENSG00000224435.2,0.004124638601971743,False,0.1219741197250924
rs6518413,0.7551372261112517,0.05995777803649238,0.011548400032936218,16052239,ENSG00000224435.2,0.004124638601971743,False,0.1219741197250924
rs55926024,0.7551372261112528,0.05995777803649238,0.011548400032936224,16054740,ENSG00000224435.2,-0.004124638601971726,False,0.12197411972509176
rs141264943,0.7594480164770768,0.05786525677681276,0.011561246179138028,16053659,ENSG00000224435.2,0.004052024655533448,False,0.1195019478443765
rs3013006,0.7870660128602969,0.04534088287921123,0.15260751604345366,16054667,ENSG00000213727.3,0.047033981642598005,False,0.10398884093361294
rs148015672,0.7870660128602969,0.04534088287921123,0.15260751604345366,16052618,ENSG00000213727.3,0.047033981642598005,False,0.10398884093361294
rs149255970,0.7870660128602969,0.04534088287921123,0.15260751604345366,16052513,ENSG00000213727.3,0.047033981642598005,False,0.10398884093361294
rs6518413,0.7870660128602969,0.04534088287921123,0.15260751604345366,16052239,ENSG00000213727.3,0.047033981642598005,False,0.10398884093361294
rs55926024,0.787066012860297,0.04534088287921123,0.1526075160434537,16054740,ENSG00000213727.3,-0.04703398164259799,False,0.10398884093361287
rs141264943,0.8079306403291427,0.036890638924373165,0.04210976094775648,16053659,ENSG00000223875.1,0.011655155182219639,False,0.09262592117500582
rs4389403,0.8364510764412108,0.026748250397238826,38.88420468405015,16055070,ENSG00000241838.2,-9.11639872855369,False,0.07755945560173554
rs4965031,0.8364510764412108,0.026748250397238826,38.88420468405015,16052080,ENSG00000241838.2,-9.11639872855369,False,0.07755945560173554
rs142324053,0.8364510764412108,0.026748250397238826,38.88420468405015,16053001,ENSG00000241838.2,-9.11639872855369,False,0.07755945560173554
rs6518413,0.8552445186773763,0.020954149372944486,33.77479885485972,16052239,ENSG00000241838.2,6.987812950249513,False,0.0679097005580386
rs3013006,0.8552445186773763,0.020954149372944486,33.77479885485972,16054667,ENSG00000241838.2,6.987812950249513,False,0.0679097005580386
rs149255970,0.8552445186773763,0.020954149372944486,33.77479885485972,16052513,ENSG00000241838.2,6.987812950249513,False,0.0679097005580386
rs148015672,0.8552445186773763,0.020954149372944486,33.77479885485972,16052618,ENSG00000241838.2,6.987812950249513,False,0.0679097005580386
rs55926024,0.8552445186773774,0.020954149372944486,33.77479885485973,16054740,ENSG00000241838.2,-6.987812950249456,False,0.06790970055803804
rs4965031,0.8830467863543396,0.013678054182047372,0.2274985917269156,16052080,ENSG00000231565.1,0.037887549967431156,False,0.054016285644144194
rs142324053,0.8830467863543396,0.013678054182047372,0.2274985917269156,16053001,ENSG00000231565.1,0.037887549967431156,False,0.054016285644144194
rs4389403,0.8830467863543396,0.013678054182047372,0.2274985917269156,16055070,ENSG00000231565.1,0.037887549967431156,False,0.054016285644144194
rs6518413,0.8880390416007778,0.012535256205672418,0.16435436269482753,16052239,ENSG00000206195.4,0.026187982535035514,False,0.051567940551284684
rs149255970,0.8880390416007778,0.012535256205672418,0.16435436269482753,16052513,ENSG00000206195.4,0.026187982535035514,False,0.051567940551284684
rs148015672,0.8880390416007778,0.012535256205672418,0.16435436269482753,16052618,ENSG00000206195.4,0.026187982535035514,False,0.051567940551284684
rs3013006,0.8880390416007778,0.012535256205672418,0.16435436269482753,16054667,ENSG00000206195.4,0.026187982535035514,False,0.051567940551284684
rs55926024,0.8880390416007784,0.012535256205672418,0.1643543626948276,16054740,ENSG00000206195.4,-0.026187982535035403,False,0.051567940551284414
